{
  "samples": 24,
  "retrieval_hit_rate": 0.625,
  "mean_token_f1": 0.5681687565308255,
  "judge_accuracy": 0.5833333333333334,
  "mean_judge_score": 3.5833333333333335,
  "ragas": {
    "skipped": "Set RUN_RAGAS=1 to enable the slower Ragas pass."
  }
}
